length,base_index,bond_max,bond_eff,depth,t_star,tail_energy_sum,tail_energy_norm,delta_th,delta_psi,hankel_diff_fro,hankel_diff_spec,base_rank,rank_delta_th,rank_delta_spec,rank_success_delta_th,rank_success_delta_spec,base_rank_eps_1e-06,trunc_rank_eps_1e-06,base_rank_eps_0.0001,trunc_rank_eps_0.0001
8,0,4,4,4,4,0.029525311249839703,0.17182930847163327,0.34365861694326655,0.17247180984086624,0.01611887047856942,0.0028020387956241045,16,0,11,1,1,16,16,16,15
8,0,4,2,4,4,0.24533535186712752,0.49531338753069004,0.9906267750613801,0.5124170838030172,0.04638947234394433,0.008679715785079388,16,0,4,1,1,16,4,16,4
8,0,4,1,4,4,0.7149387861997247,0.845540529010718,1.691081058021436,0.9654934059845314,0.09780400298129972,0.03670892183736867,16,0,2,1,0,16,1,16,1
